City,Lat,Lng,Max Temp,Humidity,Cloudiness,Wind Speed,Country,Date
Albany,42.6001,-73.9662,80.64,61,99.0,4.29,US,1659307924.0
Mahébourg,-20.4081,57.7,70.25,73,75.0,11.5,MU,1659307976.0
Bluff,-46.6,168.3333,46.8,76,51.0,15.17,NZ,1659307917.0
Provideniya,64.3833,-173.3,48.36,81,0.0,4.47,RU,1659307937.0
Lebu,-37.6167,-73.65,47.01,83,95.0,5.3,CL,1659307977.0
Atar,20.5169,-13.0499,92.21,41,2.0,12.03,MR,1659308014.0
Rikitea,-23.1203,-134.9692,72.18,74,100.0,22.57,PF,1659307908.0
Ancud,-41.8697,-73.8203,43.23,82,100.0,0.98,CL,1659308012.0
Vaini,-21.2,-175.2,78.96,94,40.0,6.91,TO,1659307915.0
Kapaa,22.0752,-159.319,84.52,67,0.0,14.97,US,1659307937.0
Longyearbyen,78.2186,15.6401,49.84,76,0.0,12.66,SJ,1659308190.0
Panguna,-6.3164,155.4848,78.19,69,26.0,3.15,PG,1659308190.0
Kudahuvadhoo,2.6708,72.8944,80.82,74,100.0,24.65,MV,1659308190.0
Vanimo,-2.6741,141.3028,79.72,86,99.0,6.35,PG,1659308191.0
Ushuaia,-54.8,-68.3,38.86,87,40.0,8.05,AR,1659308191.0
Nikolskoye,59.7035,30.7861,57.09,82,100.0,3.6,RU,1659308192.0
Klaksvík,62.2266,-6.589,50.4,85,28.0,12.57,FO,1659308121.0
Bredasdorp,-34.5322,20.0403,42.51,83,3.0,3.65,ZA,1659307786.0
Lompoc,34.6391,-120.4579,76.51,69,40.0,10.36,US,1659308192.0
Chicama,-7.8447,-79.1469,61.34,76,26.0,7.94,PE,1659308193.0
Butaritari,3.0707,172.7902,81.34,78,58.0,13.89,KI,1659307643.0
Muli,2.9167,73.5667,80.29,77,100.0,27.65,MV,1659308193.0
Busselton,-33.65,115.3333,57.24,91,88.0,29.62,AU,1659307768.0
Sebring,27.4956,-81.4409,91.89,58,0.0,11.5,US,1659308194.0
Christchurch,-43.5333,172.6333,50.41,66,0.0,4.61,NZ,1659308041.0
‘Āhuimanu,21.4447,-157.8378,83.91,56,0.0,14.97,US,1659308002.0
Rokiškis,55.9667,25.5833,59.68,98,100.0,11.9,LT,1659308194.0
Punta Arenas,-53.15,-70.9167,42.91,75,75.0,13.8,CL,1659307872.0
Qaanaaq,77.484,-69.3632,46.33,60,66.0,1.41,GL,1659307931.0
Tsabong,-26.0217,22.401,55.42,28,62.0,8.68,BW,1659308195.0
Yellowknife,62.456,-114.3525,64.92,45,40.0,4.61,CA,1659307956.0
Carnarvon,-24.8667,113.6333,69.6,57,100.0,10.25,AU,1659307934.0
Torbat-e Jām,35.244,60.6225,76.08,30,0.0,11.21,IR,1659308195.0
Hobart,-42.8794,147.3294,50.25,72,75.0,13.8,AU,1659307734.0
Boden,65.8252,21.6886,59.0,94,93.0,3.4,SE,1659308196.0
Palu,-0.8917,119.8707,76.26,96,100.0,1.19,ID,1659308196.0
Tezu,27.9167,96.1667,74.93,97,100.0,1.99,IN,1659308197.0
Alice Springs,-23.7,133.8833,42.35,65,2.0,0.0,AU,1659308037.0
Hengyang,26.8881,112.615,82.11,66,9.0,2.1,CN,1659308064.0
Upernavik,72.7868,-56.1549,50.41,66,96.0,1.12,GL,1659307648.0
Pisco,-13.7,-76.2167,62.65,77,20.0,8.05,PE,1659307922.0
Borovskoy,53.8,64.15,59.2,92,25.0,5.55,KZ,1659308198.0
Usvyaty,55.7456,30.7533,59.61,81,100.0,4.5,RU,1659308198.0
Pevek,69.7008,170.3133,48.78,64,0.0,12.59,RU,1659308038.0
Puerto Ayora,-0.7393,-90.3518,75.16,87,85.0,5.99,EC,1659307914.0
Nanortalik,60.1432,-45.2371,47.23,91,70.0,7.31,GL,1659307908.0
Brewster,41.3973,-73.6171,82.65,60,84.0,6.22,US,1659308199.0
Arraial do Cabo,-22.9661,-42.0278,66.06,72,0.0,3.44,BR,1659307940.0
Faanui,-16.4833,-151.75,78.82,71,12.0,25.88,PF,1659308001.0
Rudnogorsk,57.2639,103.7519,59.95,96,21.0,2.44,RU,1659308199.0
Bambous Virieux,-20.3428,57.7575,70.21,73,75.0,11.5,MU,1659307988.0
Margate,51.3813,1.3862,67.3,89,97.0,4.0,GB,1659307912.0
East London,-33.0153,27.9116,54.77,63,5.0,8.5,ZA,1659307957.0
Laguna,38.421,-121.4238,91.02,45,0.0,9.22,US,1659308003.0
Gizo Government Station,-8.103,156.8419,83.28,72,3.0,5.86,SB,1659308200.0
Celestún,20.8667,-90.4,83.62,76,100.0,16.73,MX,1659308200.0
Severnyy,50.677,36.5532,60.84,67,0.0,6.71,RU,1659308201.0
Vardø,70.3705,31.1107,51.78,100,100.0,2.3,NO,1659307970.0
Sinnamary,5.3833,-52.95,78.87,84,46.0,6.44,GF,1659308201.0
Bay-Khaak,51.1667,94.5,60.89,71,81.0,1.79,RU,1659308202.0
Kloulklubed,7.0419,134.2556,80.74,78,100.0,6.98,PW,1659307959.0
Sitka,57.0531,-135.33,57.09,88,100.0,8.05,US,1659307970.0
Alofi,-19.0595,-169.9187,80.49,74,2.0,13.8,NU,1659307990.0
Saint Paul Harbor,57.79,-152.4072,57.07,86,50.0,5.59,US,1659308202.0
Black River,18.0264,-77.8487,87.03,63,7.0,14.07,JM,1659308203.0
Tempio Pausania,40.8974,9.1035,68.92,67,0.0,2.62,IT,1659308203.0
Mount Gambier,-37.8333,140.7667,49.32,92,55.0,12.66,AU,1659307932.0
Wuwei,37.9281,102.6414,70.29,67,37.0,5.91,CN,1659308204.0
Cape Town,-33.9258,18.4232,53.91,80,0.0,7.0,ZA,1659308004.0
New Norfolk,-42.7826,147.0587,49.91,82,99.0,8.01,AU,1659307927.0
Hilo,19.7297,-155.09,85.28,62,20.0,12.66,US,1659307701.0
Rāwah,34.4816,41.9093,91.45,18,0.0,6.11,IQ,1659308204.0
Izumo,35.3667,132.7667,85.95,78,75.0,5.75,JP,1659308205.0
Zhangjiakou Shi Xuanhua Qu,40.6103,115.0447,75.97,75,1.0,2.8,CN,1659308199.0
Storforshei,66.4043,14.5233,56.66,93,100.0,3.44,NO,1659308205.0
Grayvoron,50.4767,35.6773,63.45,56,43.0,10.49,RU,1659308206.0
Ambon City,-3.6954,128.1814,75.34,100,40.0,5.75,ID,1659308206.0
Bethel,41.3712,-73.414,82.51,61,86.0,6.46,US,1659307926.0
Hermanus,-34.4187,19.2345,39.79,72,2.0,6.64,ZA,1659307915.0
Jamestown,42.097,-79.2353,78.03,49,20.0,8.05,US,1659307844.0
Saint-Philippe,-21.3585,55.7679,66.22,80,62.0,14.52,RE,1659307926.0
Port Lincoln,-34.7333,135.8667,53.98,77,3.0,12.48,AU,1659308207.0
Ust-Kuyga,70.0167,135.6,68.86,73,99.0,4.85,RU,1659308208.0
Zhalantun,48.0,122.7167,70.88,84,92.0,5.44,CN,1659308208.0
Vilhena,-12.7406,-60.1458,82.62,42,3.0,6.91,BR,1659307981.0
Vostok,46.4856,135.8833,71.46,79,100.0,3.33,RU,1659308208.0
Banjar,-8.19,114.9675,73.33,78,65.0,3.4,ID,1659308088.0
Jammalamadugu,14.8333,78.4,86.4,65,100.0,4.81,IN,1659308209.0
Leningradskiy,69.3833,178.4167,51.22,63,52.0,6.69,RU,1659307929.0
Castro,-24.7911,-50.0119,53.8,75,0.0,1.41,BR,1659307949.0
Honningsvåg,70.9821,25.9704,56.95,82,100.0,2.3,NO,1659308209.0
Kutum,14.2,24.6667,68.09,78,100.0,12.28,SD,1659308210.0
Port Alfred,-33.5906,26.891,53.08,73,18.0,11.52,ZA,1659307940.0
Saldanha,-33.0117,17.9442,44.65,79,0.0,13.96,ZA,1659307969.0
Mar del Plata,-38.0023,-57.5575,55.94,84,0.0,5.99,AR,1659307720.0
Khatanga,71.9667,102.5,44.76,73,100.0,7.99,RU,1659307942.0
Barrow,71.2906,-156.7887,41.92,77,52.0,8.99,US,1659307678.0
Belmonte,-15.8631,-38.8828,72.7,83,2.0,6.49,BR,1659307938.0
Katsuura,35.1333,140.3,84.56,76,82.0,5.14,JP,1659307792.0
Severo-Kuril'sk,50.6789,156.125,53.76,86,99.0,10.45,RU,1659307923.0
Ponta do Sol,32.6667,-17.1,72.01,79,3.0,2.37,PT,1659307962.0
Qasigiannguit,68.8193,-51.1922,38.1,93,58.0,4.65,GL,1659307976.0
Roald,62.5833,6.1333,56.16,81,20.0,1.14,NO,1659308040.0
Termez,37.2242,67.2783,77.09,29,0.0,9.22,UZ,1659308211.0
Karratha,-20.7377,116.8463,68.94,75,35.0,0.78,AU,1659307947.0
Broome,42.2506,-75.833,78.66,63,100.0,0.94,US,1659308011.0
Torbay,47.6666,-52.7314,72.37,68,20.0,21.85,CA,1659307913.0
Guangyuan,32.442,105.823,74.61,92,62.0,1.39,CN,1659308212.0
Umluj,25.0213,37.2685,85.5,57,39.0,8.25,SA,1659308213.0
Whitehorse,60.7161,-135.0538,66.02,62,75.0,5.75,CA,1659308039.0
Cherskiy,68.75,161.3,67.95,41,17.0,19.24,RU,1659307645.0
Sørland,67.667,12.6934,53.46,87,98.0,10.49,NO,1659308213.0
Tiksi,71.6872,128.8694,42.08,94,100.0,14.05,RU,1659307964.0
Kaya,13.0917,-1.0844,71.78,88,100.0,16.04,BF,1659308214.0
Tuensang,26.2833,94.8333,69.15,99,100.0,2.46,IN,1659308214.0
Sulangan,11.1373,123.7228,83.3,70,100.0,1.39,PH,1659308215.0
Evensk,61.95,159.2333,55.74,76,98.0,7.92,RU,1659307939.0
Vila Velha,-20.3297,-40.2925,71.55,83,75.0,6.91,BR,1659307998.0
Esperance,-33.8667,121.9,47.68,60,0.0,17.22,AU,1659307913.0
Rocha,-34.4833,-54.3333,50.2,79,97.0,5.77,UY,1659308215.0
Constitución,-35.3333,-72.4167,49.84,90,71.0,4.76,CL,1659308062.0
San Jose,37.3394,-121.895,88.45,58,63.0,6.08,US,1659308104.0
Chokurdakh,70.6333,147.9167,70.77,47,100.0,12.46,RU,1659307959.0
Grindavik,63.8424,-22.4338,49.95,81,75.0,11.5,IS,1659308011.0
Portland,45.5234,-122.6762,101.98,32,6.0,7.0,US,1659308128.0
Gonder,12.6,37.4667,56.41,94,70.0,3.8,ET,1659308216.0
Pāsighāt,28.0667,95.3333,76.03,98,100.0,1.99,IN,1659308217.0
Chui,-33.6971,-53.4616,49.35,79,94.0,5.88,UY,1659307897.0
Port Elizabeth,-33.918,25.5701,50.31,81,0.0,9.22,ZA,1659307782.0
Port Augusta,-32.5,137.7667,48.49,74,0.0,5.73,AU,1659307996.0
Korla,41.7597,86.1469,74.84,48,46.0,12.62,CN,1659308217.0
Kitami,43.8031,143.8908,63.93,89,100.0,1.74,JP,1659308022.0
Sola,-13.8833,167.55,81.27,83,75.0,4.61,VU,1659308086.0
Norman Wells,65.282,-126.8329,71.64,46,20.0,13.8,CA,1659307963.0
Tromsø,69.6496,18.957,59.02,67,0.0,12.66,NO,1659307969.0
Bauska,56.4075,24.1906,58.6,98,100.0,11.74,LV,1659308023.0
Batticaloa,7.7102,81.6924,79.36,83,100.0,5.88,LK,1659308219.0
Caravelas,-17.7125,-39.2481,69.98,91,80.0,7.96,BR,1659307984.0
Codrington,-38.2667,141.9667,46.08,91,33.0,16.2,AU,1659307960.0
Saint George,37.1041,-113.5841,89.44,44,0.0,11.5,US,1659307923.0
Bonavista,48.6499,-53.1147,63.27,81,66.0,2.53,CA,1659307924.0
Olafsvik,64.8945,-23.7142,48.11,65,100.0,10.13,IS,1659308219.0
Castletown,53.0281,-9.0686,52.29,80,98.0,2.39,IE,1659308220.0
Avarua,-21.2078,-159.775,78.85,65,25.0,17.27,CK,1659307917.0
Quime,-16.9833,-67.2167,51.93,80,1.0,2.48,BO,1659308220.0
Assiniboia,49.6334,-105.9845,84.02,28,9.0,8.05,CA,1659308221.0
Assiut,27.181,31.1837,86.18,27,27.0,8.5,EG,1659308221.0
Port Blair,11.6667,92.75,78.84,94,40.0,0.0,IN,1659307939.0
Ponta Delgada,37.7333,-25.6667,72.32,78,75.0,4.61,PT,1659308032.0
Winnemucca,40.973,-117.7357,102.25,6,0.0,8.05,US,1659307974.0
Shiraz,29.6036,52.5388,72.84,78,40.0,0.0,IR,1659308143.0
Plácido de Castro,-10.3353,-67.1856,82.53,42,8.0,3.15,BR,1659307996.0
Lamar,33.6668,-95.5836,99.64,43,71.0,12.15,US,1659308222.0
Tāybād,34.74,60.7756,78.12,28,0.0,10.94,IR,1659308223.0
Poum,-20.2333,164.0167,72.36,71,66.0,12.1,NC,1659308223.0
Lázaro Cárdenas,17.9583,-102.2,85.77,66,65.0,11.16,MX,1659307808.0
Lüderitz,-26.6481,15.1594,58.6,51,0.0,9.35,NA,1659308006.0
Saint Anthony,45.0205,-93.218,85.62,61,100.0,17.27,US,1659307938.0
Beloha,-25.1667,45.05,64.22,93,6.0,2.93,MG,1659308224.0
Kahului,20.8947,-156.47,85.96,69,19.0,14.0,US,1659308047.0
Thompson,55.7435,-97.8558,64.56,63,75.0,0.0,CA,1659307912.0
Inírida,3.8653,-67.9239,75.31,96,64.0,2.44,CO,1659308031.0
Nouadhibou,20.931,-17.0347,75.18,78,16.0,9.22,MR,1659308225.0
Plettenberg Bay,-34.0527,23.3716,49.1,73,1.0,4.72,ZA,1659308225.0
Tuktoyaktuk,69.4541,-133.0374,62.6,59,40.0,5.75,CA,1659307953.0
Burē,10.7,37.0667,56.55,98,100.0,1.81,ET,1659308226.0
Mt. Pleasant,32.7941,-79.8626,94.12,69,0.0,12.66,US,1659308058.0
Nyurba,63.2842,118.3319,69.53,72,61.0,4.52,RU,1659308061.0
Rome,43.2128,-75.4557,77.86,69,100.0,0.22,US,1659308226.0
Tawao,4.2498,117.8871,75.33,94,100.0,5.12,MY,1659308226.0
Atuona,-9.8,-139.0333,76.87,75,12.0,14.5,PF,1659307971.0
Makakilo City,21.3469,-158.0858,82.72,52,75.0,14.97,US,1659308131.0
Dunedin,-45.8742,170.5036,45.97,66,2.0,4.18,NZ,1659308004.0
Cam Ranh,11.9214,109.1591,78.76,83,20.0,1.14,VN,1659307972.0
Menongue,-14.6585,17.691,55.09,37,4.0,1.83,AO,1659307775.0
Gilbués,-9.8317,-45.3439,81.91,41,79.0,2.33,BR,1659308227.0
Tottori-shi,35.5,134.2333,86.07,62,75.0,6.91,JP,1659308228.0
Yar-Sale,66.8333,70.8333,46.69,80,14.0,7.07,RU,1659308045.0
Lake Jackson,29.0339,-95.4344,95.04,63,40.0,12.66,US,1659307685.0
Hithadhoo,-0.6,73.0833,80.47,74,100.0,16.08,MV,1659307941.0
Khovd,48.0056,91.6419,64.85,58,100.0,0.98,MN,1659308069.0
Emba,48.8264,58.1442,73.6,45,57.0,6.6,KZ,1659308229.0
Katangli,51.7102,143.2326,59.04,75,41.0,10.65,RU,1659307993.0
São Félix do Xingu,-6.6447,-51.995,77.43,64,47.0,2.01,BR,1659308229.0
Belaya Gora,68.5333,146.4167,75.25,36,87.0,10.87,RU,1659308230.0
Aripuanã,-9.1667,-60.6333,80.19,41,2.0,0.85,BR,1659308230.0
Vallenar,-28.5708,-70.7581,64.96,52,15.0,2.66,CL,1659308066.0
Fairbanks,64.8378,-147.7164,64.02,86,100.0,3.44,US,1659308137.0
Okato,-39.2,173.8833,51.69,70,40.0,10.74,NZ,1659308231.0
Xiongzhou,25.1167,114.3,79.92,74,13.0,2.01,CN,1659308231.0
Bonfim,3.0833,-59.95,78.28,80,46.0,4.88,BR,1659308231.0
Mataura,-46.1927,168.8643,46.47,86,24.0,5.75,NZ,1659307947.0
Airai,-8.9266,125.4092,60.4,87,61.0,2.77,TL,1659307987.0
Cidreira,-30.1811,-50.2056,59.23,87,89.0,9.8,BR,1659307945.0
Yenagoa,4.9247,6.2642,74.03,90,99.0,6.6,NG,1659308232.0
Souillac,-20.5167,57.5167,70.18,73,75.0,11.5,MU,1659308077.0
Lorengau,-2.0226,147.2712,84.79,70,100.0,11.97,PG,1659308023.0
Hong Kong,22.2855,114.1577,84.96,81,7.0,8.3,HK,1659308062.0
Bereda,43.2686,-7.5406,65.57,100,49.0,7.38,ES,1659308233.0
Batemans Bay,-35.7167,150.1833,55.09,64,67.0,10.85,AU,1659308233.0
Bowen,-20.0167,148.2333,68.05,76,69.0,13.82,AU,1659308233.0
Inverell,-29.7833,151.1167,58.66,84,95.0,10.0,AU,1659308234.0
Tabas,33.5959,56.9244,88.02,23,2.0,2.3,IR,1659308234.0
Fortuna,40.5982,-124.1573,67.93,81,0.0,12.66,US,1659308027.0
Guerrero Negro,27.9769,-114.0611,84.18,45,13.0,13.29,MX,1659308068.0
Fort Morgan,40.2503,-103.8,85.71,29,41.0,21.5,US,1659308235.0
Kruisfontein,-34.0033,24.7314,45.46,80,1.0,7.2,ZA,1659307987.0
Berlevåg,70.8578,29.0864,57.2,96,69.0,2.64,NO,1659307929.0
Mananjary,-21.2167,48.3333,64.76,93,7.0,4.59,MG,1659308236.0
Terrace Bay,48.7834,-87.1,54.77,87,93.0,6.49,CA,1659308236.0
Husavik,66.0449,-17.3389,42.26,91,100.0,14.54,IS,1659307935.0
Lodwar,3.1191,35.5973,81.32,52,64.0,8.97,KE,1659308237.0
Calabozo,8.9242,-67.4293,79.14,80,72.0,2.89,VE,1659308237.0
Garissa,-0.4536,39.6401,72.52,81,14.0,16.71,KE,1659308238.0
Radom,51.4025,21.1471,62.15,98,100.0,4.0,PL,1659308238.0
Te Anau,-45.4167,167.7167,42.73,95,83.0,6.6,NZ,1659308010.0
Ialibu,-6.2821,143.9935,62.78,80,97.0,1.99,PG,1659308238.0
Arrondissement de Rambouillet,48.5833,1.9167,70.63,80,22.0,5.59,FR,1659308239.0
Bengkulu,-3.8004,102.2655,74.91,88,91.0,4.54,ID,1659307973.0
Bilma,18.6853,12.9164,88.59,42,88.0,3.02,NE,1659308239.0
George Town,5.4112,100.3354,80.89,91,40.0,2.3,MY,1659307669.0
Aklavik,68.2191,-135.0107,66.02,46,90.0,1.66,CA,1659307956.0
Talnakh,69.4865,88.3972,45.21,70,20.0,16.02,RU,1659307982.0
Sovetskiy,61.3614,63.5842,53.58,66,100.0,5.57,RU,1659308033.0
Kropotkin,45.4375,40.5756,75.9,47,0.0,9.13,RU,1659308240.0
Fougamou,-1.2154,10.5838,71.35,83,37.0,2.51,GA,1659308241.0
Iqaluit,63.7506,-68.5145,51.53,76,75.0,11.5,CA,1659307945.0
Narsaq,60.9167,-46.05,49.23,80,84.0,4.09,GL,1659308000.0
Ureki,41.9956,41.7786,73.36,88,93.0,2.64,GE,1659308241.0
Barabai,-2.5833,115.3833,72.37,94,100.0,1.57,ID,1659308242.0
Leh,34.1667,77.5833,60.01,55,40.0,5.55,IN,1659308242.0
Camacha,33.0833,-16.3333,67.42,78,40.0,6.91,PT,1659308063.0
Souris,49.6172,-100.2612,70.74,71,95.0,10.83,CA,1659308242.0
Roza,54.9163,61.4586,57.15,96,61.0,6.69,RU,1659308243.0
São João Batista,-27.2761,-48.8494,62.11,97,2.0,0.96,BR,1659308243.0
Vila,42.0304,-8.1588,71.71,58,0.0,3.85,PT,1659308244.0
Naushki,50.3828,106.1056,65.52,72,3.0,0.07,RU,1659308244.0
Brae,60.3964,-1.353,51.31,83,34.0,9.08,GB,1659308244.0
Urdoma,61.7533,48.5442,57.63,99,98.0,3.91,RU,1659308245.0
Bukachacha,52.9833,116.9167,62.35,79,52.0,2.66,RU,1659308245.0
Dobrovice,50.3693,14.9623,72.82,55,87.0,1.97,CZ,1659308246.0
Ugoofaaru,5.6667,73.0,76.77,85,100.0,32.68,MV,1659307997.0
Old Town,50.087,14.4202,73.47,64,0.0,5.75,CZ,1659308246.0
Beyneu,45.3167,55.2,81.14,41,4.0,9.51,KZ,1659308246.0
Reporoa,-38.4333,176.35,48.45,57,14.0,4.92,NZ,1659308247.0
Saint-Louis,16.3333,-15.0,82.04,78,100.0,14.99,SN,1659308247.0
San Jose de Guanipa,8.8872,-64.1651,77.45,77,94.0,11.72,VE,1659308095.0
Hornepayne,49.2138,-84.7705,72.91,71,76.0,9.62,CA,1659307957.0
Cayenne,4.9333,-52.3333,83.08,1,20.0,4.61,GF,1659307722.0
Mayskiy,47.6931,40.1025,74.61,54,2.0,13.71,RU,1659308248.0
Maraã,-1.8333,-65.3667,76.59,78,37.0,2.68,BR,1659308248.0
Vestmannaeyjar,63.4427,-20.2734,49.87,74,71.0,18.45,IS,1659307976.0
Chapais,49.7834,-74.8492,78.58,63,98.0,6.02,CA,1659308249.0
Natal,-5.795,-35.2094,79.02,89,0.0,9.22,BR,1659308249.0
Baruun-Urt,46.6806,113.2792,69.08,51,34.0,4.21,MN,1659308250.0
Tasiilaq,65.6145,-37.6368,48.36,50,43.0,5.53,GL,1659307648.0
San Juan,-31.5375,-68.5364,60.49,30,3.0,6.78,AR,1659308250.0
San Patricio,28.017,-97.5169,95.54,50,50.0,17.31,US,1659307919.0
Sulmona,42.0479,13.9291,70.88,52,20.0,2.8,IT,1659308251.0
Willmar,45.1219,-95.0433,84.15,51,0.0,14.97,US,1659308049.0
Mata,40.683,-7.4592,72.93,48,14.0,2.17,PT,1659308251.0
Iztapa,13.9333,-90.7075,82.45,78,40.0,11.5,GT,1659308252.0
Anadyr,64.75,177.4833,57.7,62,0.0,8.95,RU,1659307995.0
Iranshahr,27.2025,60.6848,83.28,65,98.0,4.25,IR,1659308252.0
Ankazoabo,-22.2833,44.5167,65.91,77,9.0,5.61,MG,1659308252.0
Sandwick,60.0,-1.25,53.42,82,20.0,9.22,GB,1659308253.0
Mookane,-23.688,26.6595,62.19,21,76.0,6.22,BW,1659308253.0
Port-Gentil,-0.7193,8.7815,75.16,83,40.0,12.66,GA,1659308020.0
Kangaatsiaq,68.3065,-53.4641,42.22,91,45.0,6.35,GL,1659307817.0
Rengo,-34.4167,-70.8667,59.32,80,55.0,1.63,CL,1659308254.0
Ambilobe,-13.2,49.05,63.45,83,2.0,3.83,MG,1659307932.0
Barbate,36.1924,-5.9219,75.07,90,0.0,7.09,ES,1659308254.0
Tonj,7.2737,28.6822,70.2,97,100.0,4.16,SS,1659308255.0
Beringovskiy,63.05,179.3167,50.63,62,93.0,4.83,RU,1659308063.0
São Domingos do Maranhão,-5.5758,-44.3853,75.29,81,73.0,4.47,BR,1659308255.0
Rawson,-43.3002,-65.1023,48.0,71,98.0,7.85,AR,1659308047.0
Zaozyornoye,45.1582,33.2787,74.43,69,9.0,6.11,UA,1659308256.0
Tuatapere,-46.1333,167.6833,44.17,85,84.0,8.12,NZ,1659307999.0
Yangi Marg`ilon,40.4272,71.7189,77.72,36,100.0,6.91,UZ,1659307925.0
Nome,64.5011,-165.4064,59.16,88,100.0,9.22,US,1659307954.0
Broken Hill,-31.95,141.4333,46.8,68,0.0,6.73,AU,1659307941.0
Buraidah,26.326,43.975,88.25,49,100.0,15.28,SA,1659308257.0
Togur,58.3631,82.8265,54.95,65,100.0,12.37,RU,1659308257.0
Baghdad,33.3406,44.4009,85.91,26,0.0,2.3,IQ,1659308198.0
Moramanga,-18.9333,48.2,52.86,97,67.0,1.1,MG,1659308258.0
Port Maria,18.3685,-76.8895,90.05,85,13.0,9.28,JM,1659308258.0
Boyolangu,-8.1181,111.8935,69.58,91,82.0,0.69,ID,1659308038.0
Bosaso,11.2842,49.1816,89.71,42,74.0,24.18,SO,1659308258.0
Arlit,18.7369,7.3853,96.62,23,27.0,13.24,NE,1659307916.0
Dikson,73.5069,80.5464,40.87,94,100.0,14.58,RU,1659307639.0
Lochmaben,55.1301,-3.4429,52.05,90,66.0,4.32,GB,1659308259.0
Santarém,-2.4431,-54.7083,80.73,89,40.0,0.0,BR,1659308259.0
Kushmurun,52.4503,64.6311,62.06,87,15.0,6.44,KZ,1659308260.0
Khuchni,41.9499,47.9485,67.84,72,87.0,3.74,RU,1659308260.0
Jūrmala,56.968,23.7704,60.98,88,100.0,5.75,LV,1659308246.0
Kunya,12.2233,8.5325,78.42,68,91.0,10.51,NG,1659308261.0
Chara,56.9064,118.2631,65.12,65,53.0,1.77,RU,1659308261.0
Tambo,-14.8,-73.9167,39.27,37,1.0,5.08,PE,1659308262.0
Zalegoshch',52.9008,36.8869,59.45,64,70.0,7.38,RU,1659308262.0
Kungurtug,50.5994,97.5228,53.56,87,34.0,1.66,RU,1659308262.0
Mossamedes,-15.1961,12.1522,57.51,82,12.0,11.3,AO,1659307983.0
Shiyan,32.6475,110.7781,75.97,77,0.0,0.16,CN,1659308263.0
Lufilufi,-13.8745,-171.5986,83.98,80,66.0,20.29,WS,1659308263.0
Venustiano Carranza,19.43,-99.0992,72.14,40,100.0,20.71,MX,1659308264.0
Penzance,50.1186,-5.5371,63.28,90,42.0,7.61,GB,1659308264.0
Maryville,35.7565,-83.9705,82.54,89,100.0,13.8,US,1659308043.0
Dongning,44.0622,131.1207,73.71,98,100.0,1.7,CN,1659308265.0
Kaitangata,-46.2817,169.8464,41.95,77,7.0,7.31,NZ,1659307928.0
São Filipe,14.8961,-24.4956,75.79,75,42.0,5.64,CV,1659307644.0
Teya,60.3778,92.6267,53.13,91,100.0,4.61,RU,1659308265.0
Turkmenabat,39.0733,63.5786,80.58,32,0.0,6.91,TM,1659308266.0
Olden,61.8364,6.8064,56.14,97,98.0,6.26,NO,1659308266.0
Amahai,-3.3333,128.9167,77.54,87,69.0,2.64,ID,1659308266.0
Kavieng,-2.5744,150.7967,83.55,73,94.0,13.6,PG,1659307964.0
Salaga,8.5508,-0.5188,74.12,93,100.0,5.08,GH,1659308267.0
Maceió,-9.6658,-35.7353,76.44,88,20.0,6.91,BR,1659308267.0
Sabang,5.8933,95.3214,82.09,75,100.0,14.85,ID,1659308268.0
Kieta,-6.2167,155.6333,83.21,75,21.0,5.84,PG,1659308268.0
Nyaunglebin,17.95,96.7333,76.86,91,100.0,3.33,MM,1659308268.0
Kaeo,-35.1,173.7833,60.33,76,18.0,5.39,NZ,1659307741.0
Vao,-22.6667,167.4833,69.28,77,100.0,26.22,NC,1659308269.0
Marawi,7.9986,124.2928,71.2,87,97.0,2.21,PH,1659308054.0
Zima,53.9202,102.0442,61.18,90,60.0,2.89,RU,1659308269.0
Kununurra,-15.7667,128.7333,57.18,77,96.0,0.0,AU,1659308270.0
Hemnesberget,66.2333,13.6333,57.58,89,100.0,1.79,NO,1659308270.0
Quatre Cocos,-20.2078,57.7625,70.09,71,16.0,13.67,MU,1659308271.0
Lata,40.1629,-8.3327,69.69,61,0.0,2.3,PT,1659308271.0
Ailigandí,9.2333,-78.0167,80.98,86,100.0,6.98,PA,1659308272.0
Jacareacanga,-6.2222,-57.7528,81.66,58,92.0,2.64,BR,1659308272.0
Kavaratti,10.5669,72.642,80.44,80,100.0,23.89,IN,1659308272.0
Elizabeth City,36.2946,-76.2511,77.05,96,100.0,11.43,US,1659308246.0
Weihe,32.9952,105.3247,67.6,98,97.0,2.37,CN,1659308273.0
Ürümqi,43.801,87.6005,70.75,56,75.0,4.47,CN,1659308273.0
San Miguel de Tucumán,-26.8241,-65.2226,62.6,48,1.0,1.14,AR,1659308201.0
Bandarbeyla,9.4942,50.8122,76.05,80,58.0,28.32,SO,1659308274.0
Portsmouth,50.799,-1.0913,68.97,93,86.0,4.0,GB,1659308192.0
Nanchang,28.6833,115.8833,83.71,65,0.0,2.19,CN,1659308274.0
Zafra,38.4167,-6.4167,81.59,29,0.0,6.93,ES,1659308275.0
Kristinestad,62.2743,21.376,62.17,75,99.0,10.76,FI,1659308275.0
Patan,27.6667,85.3333,70.18,94,75.0,0.0,NP,1659308276.0
Faya,18.3851,42.4509,66.31,58,77.0,7.74,SA,1659307966.0
Adrar,20.5022,-10.0711,94.84,31,3.0,11.05,MR,1659308276.0
Belfast,54.5833,-5.9333,55.38,72,40.0,3.44,GB,1659308276.0
Lavrentiya,65.5833,-171.0,48.38,69,52.0,3.42,RU,1659308015.0
Redmond,47.674,-122.1215,99.07,37,0.0,4.0,US,1659308260.0
Laas,46.6166,10.7002,67.08,88,3.0,4.65,IT,1659308017.0
Rafrāf,37.1904,10.1837,75.52,68,1.0,8.52,TN,1659308277.0
Cairns,-16.9167,145.7667,73.06,83,100.0,10.36,AU,1659308278.0
Cuenca,-2.8833,-78.9833,66.33,48,75.0,4.61,EC,1659308278.0
Wanning,18.8003,110.3967,80.78,84,5.0,4.0,CN,1659308278.0
Flin Flon,54.7682,-101.865,69.64,52,75.0,14.97,CA,1659307968.0
Rodrigues Alves,-7.738,-72.6509,84.4,66,89.0,2.93,BR,1659308279.0
Aguascalientes,21.8833,-102.3,74.71,41,67.0,5.82,MX,1659308150.0
Richards Bay,-28.783,32.0377,62.01,73,100.0,9.8,ZA,1659308279.0
Boralday,43.3578,76.8594,71.46,46,75.0,4.47,KZ,1659308280.0
Savinskiy,62.9342,40.1361,50.38,94,25.0,4.41,RU,1659308280.0
Yulara,-25.2406,130.9889,49.86,42,39.0,9.42,AU,1659307827.0
Robertsport,6.7533,-11.3686,77.36,80,100.0,11.12,LR,1659307988.0
Hobyo,5.3505,48.5268,75.36,86,0.0,23.98,SO,1659308281.0
San Lucas,16.6,-92.7167,83.16,80,84.0,2.91,MX,1659308281.0
Franklin,39.9667,-83.0166,79.93,62,0.0,5.75,US,1659308282.0
Wangaratta,-36.3667,146.3333,47.46,91,100.0,5.75,AU,1659308282.0
Voh,-20.9667,164.7,74.25,63,21.0,5.44,NC,1659308282.0
Qeshm,26.9581,56.2719,89.47,83,100.0,8.59,IR,1659308283.0
Le Mans,48.0,0.2,71.53,64,0.0,3.44,FR,1659308283.0
Plavsk,53.7094,37.2919,59.02,69,81.0,5.93,RU,1659308284.0
Amuntai,-2.4177,115.2494,72.03,94,100.0,1.52,ID,1659308284.0
Warmbad,-28.45,18.7333,48.85,28,0.0,9.44,NA,1659308285.0
Kawalu,-7.3817,108.2082,68.11,95,76.0,2.84,ID,1659307973.0
Kumul,42.8,93.45,81.05,29,50.0,6.44,CN,1659308004.0
Mbanza-Ngungu,-5.25,14.8667,70.86,59,12.0,7.23,CD,1659308285.0
Bilibino,68.0546,166.4372,61.95,47,79.0,5.26,RU,1659308286.0
Agadez,19.75,10.25,89.56,31,46.0,12.71,NE,1659308286.0
Syas'stroy,60.1367,32.5691,56.21,82,99.0,6.06,RU,1659308286.0
Katherine,-14.4667,132.2667,66.52,63,80.0,5.75,AU,1659308280.0
Gambēla,8.25,34.5833,69.39,94,100.0,1.66,ET,1659308287.0
Mirny,62.5353,113.9611,64.24,82,60.0,7.0,RU,1659308287.0
Pucallpa,-8.3791,-74.5539,87.84,58,20.0,3.44,PE,1659308288.0
Adwa,14.1646,38.8955,62.96,87,85.0,3.47,ET,1659308288.0
Grigiškės,54.6833,25.0833,65.5,95,75.0,8.05,LT,1659308288.0
Kingaroy,-26.5333,151.8333,51.84,100,75.0,5.75,AU,1659308289.0
Honiara,-9.4333,159.95,85.89,66,14.0,9.95,SB,1659308289.0
Wamba,8.9333,8.6,70.38,96,65.0,1.45,NG,1659308289.0
Durango,24.8333,-104.8333,79.45,29,79.0,11.03,MX,1659308290.0
Sinop Province,41.7711,34.8709,66.02,81,0.0,3.91,TR,1659308290.0
Luanda,-8.8368,13.2343,68.0,94,20.0,9.22,AO,1659308258.0
Haimen,23.1935,116.6142,76.89,84,55.0,8.72,CN,1659308291.0
Lincoln,40.8,-96.667,93.11,49,0.0,13.8,US,1659307952.0
Mount Isa,-20.7333,139.5,64.17,39,0.0,4.61,AU,1659308041.0
Tecpan,14.7623,-90.9947,62.89,91,77.0,4.52,GT,1659308291.0
Aktas,49.7789,72.9608,60.55,66,100.0,5.61,KZ,1659308292.0
Sarakhs,36.5449,61.1577,81.23,26,0.0,4.7,IR,1659308292.0
Neryungri,56.6709,124.6491,62.33,90,100.0,2.73,RU,1659308292.0
Ilulissat,69.2167,-51.1,43.36,74,40.0,5.82,GL,1659308053.0
Manono,-7.3,27.4167,77.94,47,22.0,3.18,CD,1659308293.0
Tigil',57.8,158.6667,64.51,50,37.0,7.58,RU,1659308293.0
Sfântu Gheorghe,45.8667,25.7833,60.93,92,10.0,3.31,RO,1659307944.0
São João da Barra,-21.6403,-41.0511,67.42,71,2.0,6.87,BR,1659308067.0
Hofn,64.2539,-15.2082,52.41,62,82.0,10.38,IS,1659307920.0
Nabire,-3.3667,135.4833,76.23,91,98.0,2.37,ID,1659308294.0
Bubaque,11.2833,-15.8333,79.52,78,97.0,16.02,GW,1659308294.0
Lethem,3.3803,-59.7968,76.78,87,55.0,5.03,GY,1659308295.0
North Platte,41.1239,-100.7654,94.37,35,50.0,8.01,US,1659308295.0
Morón,-34.6534,-58.6198,58.89,79,2.0,3.96,AR,1659308221.0
Ust'-Kut,56.7938,105.7672,63.19,97,88.0,2.24,RU,1659308296.0
Marzuq,14.4,46.4667,78.73,58,2.0,15.08,YE,1659308296.0
Kingman,35.1894,-114.053,92.68,30,98.0,3.0,US,1659308297.0
Połczyn-Zdrój,53.7642,16.0957,60.3,75,31.0,8.41,PL,1659308297.0
Leshukonskoye,64.8989,45.7622,57.92,98,99.0,2.73,RU,1659308297.0
Alto Araguaia,-17.3147,-53.2153,70.79,32,0.0,1.92,BR,1659308298.0
Mana,5.6592,-53.7767,78.24,83,36.0,6.29,GF,1659308298.0
Fare,-16.7,-151.0167,78.55,71,22.0,25.86,PF,1659307771.0
Schwelm,51.2833,7.2833,68.13,87,95.0,5.28,DE,1659308299.0
Norsup,-16.0667,167.3833,80.69,75,33.0,10.98,VU,1659308299.0
Viedma,-40.8135,-62.9967,45.97,67,78.0,7.63,AR,1659308299.0
Glens Falls,43.3095,-73.644,80.51,64,100.0,1.99,US,1659308135.0
Tual,-5.6667,132.75,79.14,85,46.0,18.66,ID,1659308300.0
Arco,45.9177,10.8867,76.95,65,24.0,3.47,IT,1659308300.0
Kandrian,-6.2167,149.55,82.6,76,75.0,7.92,PG,1659308301.0
Taoudenni,22.6783,-3.9836,96.78,27,74.0,13.13,ML,1659308037.0
Ribeira Grande,38.5167,-28.7,74.12,73,16.0,2.91,PT,1659307930.0
Saskylakh,71.9167,114.0833,44.62,82,99.0,11.3,RU,1659307921.0
Horta,38.5333,-28.6333,73.17,75,35.0,2.62,PT,1659308082.0
Turukhansk,65.8167,87.9833,46.4,76,99.0,14.99,RU,1659308302.0
Coquimbo,-29.9533,-71.3436,56.93,82,40.0,9.22,CL,1659308302.0
Curup,-3.4667,102.5333,67.66,98,99.0,3.02,ID,1659308302.0
Koungou,-12.7336,45.2042,71.31,94,0.0,4.61,YT,1659308303.0
Hibbing,47.4272,-92.9377,74.39,13,88.0,7.52,US,1659308303.0
Coahuayana Viejo,18.7333,-103.6833,88.2,60,64.0,5.88,MX,1659308006.0
Camacupa,-12.0167,17.4833,60.69,33,1.0,2.17,AO,1659308304.0
Palmer,42.1584,-72.3287,81.86,63,88.0,4.14,US,1659308241.0
Znamenskoye,57.1281,73.8282,55.72,89,61.0,6.8,RU,1659308086.0
Ariquemes,-9.9133,-63.0408,80.91,40,1.0,0.45,BR,1659308305.0
Pervomayskoye,43.919,46.7102,71.44,81,0.0,7.27,RU,1659308305.0
Rosetta,31.4044,30.4164,78.69,75,0.0,13.94,EG,1659308305.0
Kholodnyy,62.7167,147.95,56.01,80,100.0,7.36,RU,1659308306.0
Lunglei,22.8833,92.7333,67.37,98,92.0,1.74,IN,1659308306.0
Kulhudhuffushi,6.6221,73.07,77.0,91,100.0,34.43,MV,1659308307.0
Gangāpur,26.4833,76.7167,81.57,78,98.0,5.77,IN,1659308307.0
Havre-St-Pierre,50.2334,-63.5986,62.96,82,0.0,14.97,CA,1659307952.0
Muskogee,35.5834,-95.3336,89.35,74,100.0,5.17,US,1659308307.0
Campbell River,50.0163,-125.2446,84.58,48,40.0,6.91,CA,1659308308.0
Maragogi,-9.0122,-35.2225,74.7,85,30.0,8.97,BR,1659308308.0
Burns Lake,54.2331,-125.7533,80.02,26,1.0,9.51,CA,1659308309.0
Kassala,15.451,36.4,76.57,82,89.0,19.33,SD,1659308195.0
Tucumcari,35.1717,-103.725,97.36,19,41.0,9.71,US,1659308309.0
Piaçabuçu,-10.4056,-36.4344,73.63,87,6.0,9.44,BR,1659308309.0
Mayumba,-3.432,10.6554,70.09,95,17.0,6.98,GA,1659308310.0
Kinablangan,7.6947,126.5503,78.1,79,100.0,2.15,PH,1659308310.0
Necochea,-38.5473,-58.7368,51.64,79,76.0,7.45,AR,1659308311.0
Independence,39.0911,-94.4155,91.33,65,15.0,5.01,US,1659308311.0
Vila Franca do Campo,37.7167,-25.4333,72.01,82,71.0,4.07,PT,1659308311.0
Ahipara,-35.1667,173.1667,57.7,59,12.0,7.61,NZ,1659308312.0
Lobito,-12.3481,13.5456,65.68,86,4.0,6.42,AO,1659308312.0
Sasykoli,47.5515,46.9968,76.87,53,5.0,5.39,RU,1659308312.0
Moree,-29.4667,149.85,53.6,86,100.0,8.84,AU,1659308313.0
Santa Cruz de la Sierra,-17.8,-63.1667,78.85,53,20.0,13.8,BO,1659308313.0
Ixtapa,20.7,-105.2,87.22,73,99.0,5.01,MX,1659307967.0
Marsh Harbour,26.5412,-77.0636,83.73,69,55.0,12.26,BS,1659308314.0
Vlădeşti,45.1167,24.3,65.01,72,86.0,3.71,RO,1659308314.0
Henties Bay,-22.116,14.2845,53.53,76,72.0,2.51,NA,1659308315.0
Ust-Maya,60.4167,134.5333,76.89,58,39.0,9.4,RU,1659308002.0
Eureka,40.8021,-124.1637,79.66,79,97.0,4.0,US,1659308315.0
Muros,42.7762,-9.0603,72.09,69,1.0,11.3,ES,1659307999.0
Hasaki,35.7333,140.8333,86.4,75,98.0,1.07,JP,1659307917.0
Lawang,-7.8353,112.6947,66.97,78,57.0,1.97,ID,1659308316.0
Cabo San Lucas,22.8909,-109.9124,92.05,74,93.0,4.0,MX,1659307868.0
Darłowo,54.421,16.4107,58.71,71,36.0,9.48,PL,1659308316.0
Novo Aripuanã,-5.1206,-60.3797,79.09,69,49.0,2.55,BR,1659308317.0
Avera,33.194,-82.5271,94.51,25,3.0,9.57,US,1659307943.0
Mpika,-11.8343,31.4529,56.55,52,0.0,6.13,ZM,1659308317.0
Padang,-0.9492,100.3543,77.41,86,100.0,3.29,ID,1659307913.0
Nikolayevka,53.1257,47.2041,59.11,81,9.0,5.95,RU,1659308318.0
Hope,33.6671,-93.5916,93.07,45,77.0,7.02,US,1659308318.0
Klyuchi,52.2667,79.1667,62.46,90,88.0,4.9,RU,1659308206.0
Half Moon Bay,37.4636,-122.4286,79.41,77,40.0,9.22,US,1659308319.0
Labuhan,-6.8844,112.2051,73.99,87,98.0,5.46,ID,1659308319.0
Burnie,-41.0667,145.9167,45.95,90,86.0,12.75,AU,1659308319.0
Teahupoo,-17.8333,-149.2667,78.76,69,62.0,23.24,PF,1659308320.0
Barão de Melgaço,-16.1944,-55.9675,78.31,26,0.0,2.44,BR,1659308320.0
Sarab,38.6066,44.9883,75.56,48,44.0,1.36,IR,1659308321.0
Kiryat Gat,31.61,34.7642,76.41,73,3.0,0.6,IL,1659308040.0
Rio Claro,-22.4114,-47.5614,63.61,48,0.0,1.97,BR,1659308321.0
Mildura,-34.2,142.15,43.07,93,0.0,11.03,AU,1659308322.0
Tshikapa,-6.4167,20.8,76.14,32,1.0,1.34,CD,1659308322.0
Victor Harbor,-35.5667,138.6167,49.68,84,8.0,16.33,AU,1659308323.0
Saint-Joseph,-21.3667,55.6167,65.21,79,36.0,11.03,RE,1659308323.0
Toora-Khem,52.4675,96.11,56.48,94,53.0,0.69,RU,1659308323.0
Acarí,-15.4311,-74.6158,63.57,74,13.0,4.65,PE,1659308324.0
Coyhaique,-45.5752,-72.0662,39.15,60,0.0,5.75,CL,1659308324.0
Meulaboh,4.1363,96.1285,76.3,88,96.0,4.92,ID,1659308013.0
Lima,-12.0432,-77.0282,60.91,80,100.0,10.36,PE,1659308227.0
Teguise,29.0605,-13.564,70.02,83,40.0,14.97,ES,1659308088.0
Gazojak,41.1875,61.4036,80.4,30,93.0,6.87,TM,1659308325.0
Huarmey,-10.0681,-78.1522,64.33,79,12.0,9.28,PE,1659307989.0
Saint-Augustin,51.226,-58.6502,71.35,56,85.0,9.17,CA,1659308036.0
Zile,40.3031,35.8864,63.1,87,0.0,2.59,TR,1659308326.0
Danville,36.586,-79.395,84.85,78,75.0,3.44,US,1659308326.0
Erzin,36.9559,36.2,74.35,86,5.0,1.74,TR,1659308326.0
Kérouané,9.2667,-9.0167,69.21,96,100.0,2.55,GN,1659308327.0
Tynda,55.1667,124.7167,63.48,95,100.0,2.35,RU,1659308327.0
Dongsheng,39.8161,109.9776,70.86,63,23.0,12.71,CN,1659308328.0
Yerbogachën,61.2767,108.0108,66.67,80,17.0,0.49,RU,1659307911.0
Gamba,-2.65,10.0,71.11,95,30.0,6.64,GA,1659308328.0
Antalaha,-14.9003,50.2788,66.54,92,34.0,5.73,MG,1659308328.0
Hoquiam,46.9809,-123.8893,90.84,88,26.0,9.66,US,1659308329.0
Montepuez,-13.1256,38.9997,62.55,80,52.0,4.61,MZ,1659308329.0
Grand-Santi,4.25,-54.3833,73.38,98,86.0,2.62,GF,1659308330.0
Cravo Norte,6.3017,-70.2041,74.55,93,93.0,4.59,CO,1659308330.0
Am Timan,11.0297,20.2827,71.91,94,100.0,5.37,TD,1659308026.0
Gigmoto,13.7796,124.39,82.09,82,100.0,6.62,PH,1659308156.0
Berndorf,47.9457,16.1097,70.88,74,85.0,5.41,AT,1659308331.0
Masuda,34.6667,131.85,84.47,68,88.0,10.09,JP,1659308331.0
Pāndhurnā,21.6,78.5167,75.38,88,93.0,6.08,IN,1659308331.0
Zalţan,32.947,11.8665,78.85,76,0.0,1.66,LY,1659308332.0
Leirvik,59.7798,5.5005,56.62,77,1.0,14.9,NO,1659308332.0
Fort Abbas,29.1925,72.8536,86.88,69,94.0,12.12,PK,1659308333.0
Alcúdia,39.8532,3.1214,81.25,57,1.0,3.56,ES,1659308333.0
Aberfeldy,56.62,-3.8645,54.68,94,48.0,1.21,GB,1659308333.0
Pringsewu,-5.3582,104.9744,72.32,98,61.0,0.4,ID,1659308334.0
Krasnaya Gora,52.9995,31.6023,61.36,77,100.0,7.94,RU,1659308334.0
Manaus,-3.1019,-60.025,84.7,70,40.0,3.44,BR,1659308042.0
Sorong,-0.8833,131.25,78.06,86,80.0,4.59,ID,1659308335.0
Aswān,24.0934,32.907,90.7,18,0.0,4.61,EG,1659308335.0
Salimbalan,8.2742,124.7219,67.71,86,100.0,3.24,PH,1659308335.0
Alenquer,-1.9417,-54.7383,77.63,85,76.0,2.89,BR,1659308252.0
Tilichiki,60.4667,166.1,54.61,65,78.0,4.38,RU,1659308080.0
Kibre Mengist,5.8833,38.9833,59.0,92,100.0,2.26,ET,1659308336.0
Caucayá,-0.1934,-74.7819,75.49,90,75.0,2.28,CO,1659308336.0
Namatanai,-3.6667,152.4333,83.23,72,94.0,8.5,PG,1659308025.0
Bentiu,9.2333,29.8333,71.74,90,100.0,3.65,SS,1659308337.0
Touros,-5.1989,-35.4608,76.08,84,40.0,13.6,BR,1659307653.0
Chern',53.4523,36.9145,59.0,67,46.0,7.36,RU,1659308337.0
Chopinzinho,-25.8558,-52.5233,53.65,79,0.0,2.98,BR,1659308338.0
Kaffrine,14.1059,-15.5508,73.8,94,100.0,10.76,SN,1659308338.0
Aitape,-3.1374,142.3475,82.15,75,100.0,5.19,PG,1659308338.0
Hambantota,6.1241,81.1185,78.53,86,100.0,17.6,LK,1659307945.0
Governador Valadares,-18.8511,-41.9494,70.93,71,56.0,2.28,BR,1659308339.0
Gorontalo,0.5412,123.0595,75.94,94,99.0,1.83,ID,1659308339.0
Okakarara,-20.5833,17.4333,49.82,29,16.0,6.22,NA,1659308340.0
San Quintín,30.4833,-115.95,76.17,60,26.0,10.27,MX,1659307925.0
Pangnirtung,66.1451,-65.7125,49.44,79,99.0,1.43,CA,1659308013.0
Sai Buri,6.7013,101.6168,77.5,88,100.0,3.53,TH,1659308340.0
Hanchuan,30.65,113.7667,78.91,80,1.0,2.68,CN,1659308341.0
Pontes e Lacerda,-15.2261,-59.3353,76.75,31,1.0,1.12,BR,1659308039.0
Beira,-19.8436,34.8389,66.29,94,0.0,5.75,MZ,1659308341.0
Härnösand,62.6323,17.9379,64.0,78,98.0,6.6,SE,1659308252.0
Harper,4.375,-7.7169,75.18,81,100.0,13.42,LR,1659308077.0
Nakhon Si Thammarat,8.25,100.0,77.43,90,100.0,6.46,TH,1659308342.0
Baiyin,36.5583,104.2081,71.65,67,100.0,3.06,CN,1659308342.0
Sistranda,63.7256,8.834,53.56,79,100.0,5.77,NO,1659308343.0
Arona,28.0996,-16.681,73.69,78,0.0,10.36,ES,1659308343.0
Ostrovnoy,68.0531,39.5131,56.1,79,87.0,5.35,RU,1659308043.0
Topolog,44.8833,28.3667,63.82,91,32.0,1.74,RO,1659308344.0
Zelenoborsk,61.4669,64.0333,52.29,69,100.0,5.88,RU,1659308344.0
Urucará,-2.5364,-57.76,75.31,86,56.0,3.09,BR,1659308344.0
Moorhead,46.8739,-96.7676,76.98,80,75.0,17.27,US,1659308053.0
Kushiro,42.975,144.3747,67.15,82,75.0,5.75,JP,1659308345.0
Ostrołęka,53.0862,21.5757,59.94,98,100.0,7.81,PL,1659308345.0
Felanitx,39.4696,3.1483,80.96,56,0.0,2.86,ES,1659308346.0
